label,question
500,Bagaimana cara mengobati penyakit Graves?
500,Apa obat untuk penyakit Graves?
500,Obat apa yang dapat menyembuhkan penyakit Graves?
300,Apa gejala terkena penyakit Graves?
300,Bagaimana tanda-tanda terkena penyakit Graves?
300,Bagaimana cara tahu kita mengidap penyakit Graves?
300,Apa gejala terkena penyakit Graves?
200,Kenapa saya terkena penyakit Graves?
700,Berapa lama waktu yang dibutuhkan untuk sembuh dari penyakit Graves?
100,Apa hubungannya penyakit Graves dengan hipertiroidisme?
700,Apakah penyakit Graves bisa sembuh sendiri?
100,Apa itu penyakit Graves?
100,Apa itu Graves disease?
100,Apakah penyakit Graves dan hipertiroid itu sama?
200,Apakah penyakit Graves menyerang anak-anak?
700,Apakah saya bisa meninggal karena penyakit Graves?
700,Apakah penyakit Graves bisa sembuh?
500,Bagaimana cara menyembuhkan penyakit Graves?
800,Bagaimana supaya tidak kena penyakit Graves?
300,Kapan saya harus ke dokter kalau kena penyakit Graves?
300,Apa gejala penyakit Graves yang berbahaya?
200,Siapa yang paling mungkin terkena penyakit Graves?
200,Siapa yang paling mungkin menderita penyakit Graves?
200,Siapa yang paling rentan kena penyakit Graves?
200,Siapa yang paling beresiko kena penyakit Graves?
500,Apakah penyakit Graves bisa diobati di rumah?
700,Berapa lama supaya saya bisa sembuh dari penyakit Graves?
300,Bagaimana rasanya kalau terkena penyakit Graves?
200,Apa penyebab utama penyakit Graves?
800,Bagaimana cara mencegah penyakit Graves?
400,Apa pemeriksaan fungsi tiroid?
300,Apa yang terjadi kalau kita kena penyakit Graves?
400,Bagaimana kalau saya terkena penyakit Graves?
600,Apakah penyakit Graves bisa menyebabkan penyakit lain?
100,Apakah penyakit Graves berbahaya?
100,Dari mana asal penyakit Graves?
500,Apakah penyakit Graves harus operasi?
600,Apa akibat dari penyakit Graves?
400,Bagaimana cara mendeteksi penyakit Graves?
400,Bagaimana saya tahu kalau saya kena penyakit Graves?
600,Apa efek dari penyakit Graves?
100,Apakah penyakit Graves langka?
100,Apakah banyak orang yang menderita penyakit Graves?
500,Apa langkah yang harus diambil untuk mengatasi penyakit Graves?
500,Apa yang harus saya lakukan saat terkena penyakit Graves?
500,Apa yang harus saya perhatikan saat terkena penyakit Graves?
500,Apa saja obat yang perlu saya minum untuk penyakit Graves?
300,Bagaimana ciri orang yang terkena penyakit Graves?
600,Apa saja penyakit yang berhubungan dengan penyakit Graves?
500,Apa yang perlu saya lakukan untuk menyembuhkan Graves Disease?
600,Komplikasi apa saja yang dapat terjadi pada penyakit Graves?
600,Apa komplikasi dari penyakit Graves?
500,Apa rekomendasi obat untuk penyakit Graves?
500,Bagaimana cara dokter mengobati penyakit Graves?
300,Apa saja gejala penyakit Graves?
500,Bagaimana cara penyakit Graves ditangani?
500,Apa sih obat yang bagus untuk menyembuhkan Graves?
400,Bagaimana cara dokter mendiagnosa penyakit Graves?
400,Bagaimana diagnosis untuk penyakit Graves?
500,Apa penanganan terbaik untuk penyakit Graves?
400,Apa tes yang dilakukan untuk memeriksa sakit Graves?
400,Apa yang dilakukan dokter untuk diagnosis sakit Graves?
400,Bagaimana seseorang dikatakan menderita Graves?
400,Tes apa saja untuk mengetahui Graves?
400,Apa pemeriksaan untuk sakit Graves?
400,Tes apa yang mengkonfirmasi sakit Graves?
500,Apa pengobatan paling aman untuk penyakit Graves?
400,Bagaimana dokter dapat mengetahui penyakit Graves?
400,Bagaimana langkah mengetahui penyakit Graves?
400,Cara dokter mendiagnosa Graves?
400,Apa pemeriksaan yang perlu dilakukan untuk Graves?
400,Bagaimana prosedur memeriksa penyakit Graves?
400,Bagaimana cek saya menderita Graves?
300,Apa tanda awal yang perlu saya perhatikan?
400,Apa diagnosis awal untuk sakit Graves?
400,Apa pemeriksaan yang perlu saya lakukan?
400,Bagaimana cara memeriksa penyakit Graves?
400,Apakah penyakit Graves dapat di diagnosa?
400,Apa saja langkah pemeriksaan penyakit Graves?
400,Apa tes yang perlu dilakukan untuk penyakit Graves?
100,Apa hubungannya tiroid dengan penyakit Graves?
500,Apa makanan yang dapat menjadi penyembuh Graves?
500,Makan apa yang bisa menyembuhkan Graves?
100,Apakah Graves termasuk jenis penyakit yang berbahaya?
300,Apakah tangan tremor menjadi tanda penyakit Graves?
300,Apakah tangan tremor menjadi gejala penyakit Graves?
500,Apakah ada obat herbal untuk Graves?
500,Apakah ada obat alami untuk penyakit Graves?
500,Penyakit Graves apakah dapat diobati dengan obat alami?
500,Penyakit Graves apakah dapat diobati dengan obat herbal?
300,Apakah rambut memutih menjadi tanda dari penyakit Graves?
300,Apabila terkena Graves akan sering sakit lambung?
200,Apakah wanita lebih sering terkena Graves?
200,Apakah merokok meningkatkan risiko penyakit Graves?
600,Apakah sistem imun terganggu dengan adanya penyakit Graves?
300,Apa gejala yang paling sering terjadi pada penderita Graves?
300,Apa gejala yang paling terlihat pada penderita Graves?
400,Apa saja tes yang dilakukan untuk mendiagnosa penyakit Graves?
400,Apa tes yang menjadi penunjang diagnosa penyakit Graves?
500,Apakah terapi yodium radioaktif menjadi obat Graves yang efektif?
500,Apakah penderita penyakit Graves memerlukan operasi?
100,Apakah penyakit Graves merupakan penyakit autoimun?
800,Bagaimana cara mengurangi risiko terkena penyakit Graves?
100,Apakah penyakit Graves merupakan penyakit genetik?
600,Apakah gangguan jantung termasuk komplikasi dari penyakit Graves?
600,Apakah dapat terjadi keguguran bila saat hamil terkena penyakit Graves?
600,Apakah dapat terjadi kelahiran prematur bila saat hamil terkena penyakit Graves?
500,Apakah butuh terapi lanjutan setelah melakukan operasi tiroid?
100,Jelaskan definisi penyakit Graves!
100,Jelaskan apa itu penyakit Graves!
100,Apakah yang dimaksud dengan penyakit Graves?
100,Apakah penyakit Graves berhubungan dengan hormon tubuh?
100,Apakah penyakit Graves dengan hormon Tiroid saling berkaitan?
100,Apakah penyakit Graves disebabkan oleh autoimun pada kelenjar Tiroid?
100,Apakah penyakit Graves disebabkan karena gangguan pada kelenjar Tiorid?
100,Apakah penyakit Graves menyebabkan kadar hormon Tiroid dalam tubuh meningkat drastis?
100,Apakah penyakit Graves merupakan salah satu penyakit metabolisme tubuh?
500,Apakah penderita penyakit Graves harus minum obat seumur hidup?
500,Obat apa saja yang perlu dikonsumsi oleh seseorang yang menderita penyakit Graves?
700,Apakah penyakit Graves bisa sembuh total?
200,Apa sajakah faktor yang menyebabkan seseorang mengalami penyakit Graves?
100,Apakah penyakit Graves sama dengan penyakit hipertioid?
100,Apakah penyakit Graves sama dengan penyakit hipertiroidisme?
400,Bagaimana cara dokter mendiagnosis penyakit Graves pada seseorang?
400,Apa sajakah jenis pemeriksaan yang harus dilalui untuk mendiagnosis penyakit Graves?
400,Apakah seseorang perlu pemeriksaan kadar tiroid untuk mendiagnosis penyakit Graves?
400,Apa saja pemeriksaan laboratorium yang diperlukan untuk mendiagnosis penyakit Graves?
500,"Dok, saya mau nanya saya sakit penyakit Graves dan masih mengonsumsi obat setiap harinya, apakah harus dikonsumsi setiap hari?"
300,Apakah Graves ophthalmopathy merupakan salah satu gejala penyakit Graves?
300,Apakah keringat yang berlebihan merupakan salah satu gejala penyakit Graves?
300,Apakah tidak tahan panas merupakan salah satu gejala penyakit Graves?
300,Apakah jantung berdebar merupakan salah satu gejala penyakit Graves?
300,Apakah berat badan turun merupakan salah satu gejala penyakit Graves?
300,"Dok, saya mau nanya. Waktu itu saya ada keluhan ngga tahan panas, mudah capek, sama sering berdebar. Kata dokter saya kena penyakit Graves. Apakah benar, dok?"
200,"Dok, ibu saya katanya pernah dibilang sakit Graves. Apakah saya berisiko untuk mengalami yang sama, dok?"
300,Jantung berdebar apakah salah satu gejala dari penyakit Graves?
400,"Dok, gimana sih caranya diagnosis penyakit Graves?"
400,"Dok, katanya kalau periksa penyakit Graves itu pakai pemeriksaan kadar hormon Tiroid. Apakah itu benar, dok?"
400,"Dok, apa saja jenis pemeriksaan buat penyakit Graves ya, dok?"
400,"Dok, apakah pemeriksaan buat penyakit Graves harus lewat bagian radiologi ya, dok?"
400,"Dari hasil lab kapan orang bisa dibilang penyakit Graves ya, dok?"
400,"Apakah orang yang diduga sakit Graves perlu diperiksa kadar hormon Tiroid dan TSH nya ya, dok?"
500,"Apa saja obat buat penyakit Tiroid ya, dok?"
600,Apa itu Graves ophthalmopathy?
600,"Apa saja komplikasi dari penyakit Graves ya, dok?"
600,Apakah penyakit Graves bisa menyebabkan komplikasi ke mata?
600,Apakah penyakit Graves bisa menyebabkan komplikasi ke jantung?
500,Apakah obat-obatan penyakit Graves aman untuk ibu-ibu hamil?
500,"Apakah ibu-ibu hamil tetap perlu minum obat Graves, dok?"
400,"Apakah pemeriksaan penyakit Graves perlu dilakukan biopsi, dok?"
400,Pemeriksaan biopsi jarum halus untuk penyakit Graves?
100,Apakah penyakit Graves merupakan salah satu penyakit autoimun?
100,Apakah penyakit Graves merupakan salah satu gangguan sistem kekebalan tubuh?
100,Apakah penyakit Graves perlu periksa ke dokter?
500,"Dok, saya sedang hamil. Apakah obat-obatan yang dikasih aman untuk ibu-ibu hamil?"
500,Apakah obat-obatan penyakit Graves aman untuk ibu-ibu yang sedang menyusui?
500,"Saya sedang menyusui anak saya yang baru lahir. Apakah obat-obatan yang dokter berikan aman, dok?"
500,Apakah setiap pasien yang menderita penyakit Graves harus dilakukan pembedahan?
500,"Dok, bener ngga ya kalau orang yang sakit Graves harus minum obat seumur hidup?"
500,"Dok, saya dengar kalau orang yang sakit Graves harus minum obat lama. Apakah benar itu, dok?"
600,Apa saja komplikasi yang paling umum di penyakit Graves?
300,Bagaimana ciri orang yang memiliki gejala penyakit Graves?
300,"Dok, saya sering gampang ngantuk sama ngga tahan panas. Apakah itu salah satu gejala penyakit Graves?"
300,"Selamat pagi, dokter. Saya punya keluhan. Berat badan saya susah naik. Apakah itu salah satu gejala penyakit Graves?"
300,Apakah bola mata tampak menonjol merupakan salah satu gejala penyakit Graves?
300,Apakah perasaan cemas dan mudah tersinggung merupakan salah satu gejala penyakit Graves?
300,Apakah mudah lelah merupakan salah satu gejala penyakit Graves?
300,Apakah gemetar pada tangan dan kaki merupakah salah satu gejala penyakit Graves?
300,Apakah tremor merupakan salah satu gejala penyekiat Graves?
300,"Apakah penurunan berat badan, meskipun tidak ada perubahan dalam kebiasaan makan, merupakan salah satu gejala dari penyakit Graves?"
300,Apakah pembesaran kelenjar tiroid merupakan salah gejala penyakit Graves?
300,Apakah pembesaran kelenjar gondok merupakan salah satu gejala penyakit Graves?
300,Apakah perubahan siklus menstruasi merupakan salah satu gejala penyakit Graves?
300,Apakah disfungsi ereksi merupakan salah satu gejala penyakit Graves?
300,Apakah penurunan gairah seksual merupakan salah satu gejala penyakit Graves?
300,Apakah sering buang air besar merupakan salah satu gejala penyakit Graves?
300,Apakah mata terasa sakit dan tertekan merupakan salah satu gejala penyakit Graves?
300,Apakah mata memerah dan meradang merupakan salah satu gejala penyakit Graves?
300,Apakah penglihatan ganda merupakan salah satu gejala penyakit Graves?
200,Apakah riwayat keluarga merupakan salah satu faktor risiko penyakit Graves?
200,Apakah jenis kelamin merupakan salah satu faktor risiko penyakit Graves?
200,Apakah usia merupakan salah satu faktor risiko penyakit Graves?
200,Apakah merokok merupakan salah satu faktor risiko penyakit Graves?
200,Apakah kehamilan merupakan salah satu faktor risiko penyakit Graves?
200,Apakah perempuan lebih berisiko terkena penyakit Graves?
200,Apakah perempuan lebih rentan mengalami penyakit Graves?
200,Apakah orang yang memiliki riwayat keluarga dengan penyakit Graves lebih berisiko daripada dengan yang tidak?
200,Apakah stres bisa memicu munculnya penyakit Graves?
200,Apakah usia dibawah 40 tahun lebih berisiko mengalami penyakit Graves?
400,Apakah orang dengan kecurigaan penyakit Graves perlu dilakukan pemeriksaan tes darah?
400,Apakah orang dengan kecurigaan penyakit Graves perlu dilakukan pemeriksaan USG?
500,"Halo, dok. Saya sudah menderita penyakit Graves selama 9 tahun. Apakah saya masih perlu untuk mengonsumsi obat Tiroid?"
300,Apakah penderita Graves selalu mengalami jantung berdebar?
600,Mata saya terasa mengganjal dan saya sudah menderita penyakit Graves selama 3 tahun. Apakah itu bagian dari komplikasi mata?
300,"Halo, dok. Perkenalkan nama saya Shinta. Kenapa saya mudah lelah, bahkan tidak bisa berdiri lama sebelumnya ya, dok? Kebetulan saya memang didiagnosis Graves disesase beberapa tahun lalu. Apakah itu bagian dari tanda penyakit Graves disesase, dok?"
600,"Dokter saya mau nanya. Mata saya melotot akhir-akhir ini. Saya pernah dibilang sama dokter kalau saya punya penyakit Graves. Apakah penyakit Graves menyebabkan mata saya seperti ini, dok?"
500,"Dokter, saya mau tanya. Kalau obat-obatan buat penyakit Graves itu apa saja ya, dok?"
500,"Saya mau tau, kalau pengobatan buat penyakit Graves itu apakah selalu dengan obat-obatan atau perlu operasi juga ya, dok?"
600,Apakah penyakit Graves bikin penglihatan seseorang terganggu?
100,Apakah penyakit Graves berhubungan dengan autoimun?
100,Apakah penyakit Graves berhubungan dengan gangguan sistem kekebalan tubuh?
100,Apakah gangguan pada kelenjar Tiroid berperan dalam munculnya penyakit Graves?
600,"Dok, saya mau nanya. Kalau penyakit Graves ga diobatin akibatnya bisa apa saja ya, dok?"
600,"Hai, dokter. Saya mau nanya nih, dok. Kalau penyakit Graves itu saya denger bisa menyebabkan gangguan jantung, paling ngga berdebar-debar. Itu benar ngga ya, dok? Terima kasih."
500,"Kira-kira tujuan ngobatin penyakit Graves itu apa ya, dok?"
500,"Dok, saya mau bertanya. Saya menderita penyakti Graves sudah 1 tahun lamanya. Selama itu, saya rutin mengonsumsi obat-obatan rutin, salah satunya PTU. Tapi sejak satu bulan terakhir, ko mata saya jadi menonjol seperti ini. Kira-kira penyakit Graves ini bisa disembuhkan tidak ya, dok?"
600,"Apa bahayanya dari penyakit Graves ini ya, dok?"
600,Apa saja empat bahaya utama dari penyakit Graves?
600,"Apakah penyakit Graves bisa mengakibatkan gangguan pada tulang dan osteoporosis, dok?"
600,"Dok, nama saya Ani. Saya mau bertanya, dok. Saya baru saja menikah 1 tahun yang lalu. Saat ini saya belum punya anak. 4 bulan yang lalu, dokter bilang kalau saya terkena penyakit Graves. Kira-kira penyakit Graves ini mengganggu kesuburan saya tidak ya, dok?"
200,Apakah faktor genetik berpengaruh ke penyakit Graves?
100,Perbedaan hipertiroidisme dengan penyakit Graves?
600,"Dokter, izin tanya. Kata orang penyakit Graves ini bisa bikin keropos tulang. Itu benar ngga ya, dok?"
600,"Saya cari di internet katanya penyakit Graves ini bisa menyebabkan tulang jadi lemah dan akhirnya keropos. Itu fakta atau hoaks ya, dok?"
600,"Kata dokter penyakit Graves bisa membuat gangguan kesuburan, apakah itu benar, dok?"
300,"Mata melotot terus waspada penyakit Graves, benarkah?"
300,"Dok sya punya masalah berat badan yang turun drastis, sering diare, dan susah tidur. Ditambah, akhir-akhir ini mata saya terasa menonjol dan tidak nyaman. Mohon jawabannya, dokter. Terima kasih."
500,"Selamat pagi, dokter. Perkenalkan nama saya Enzyy, saya mau bertanya tentang penyakit yang saya derita ini. Tiga bulan yang lalu saya datang ke dokter dengan keluhan susah tidur, sering BAB, dan badan terasa lemas. Saya sudah periksa darah dan kata dokter saya terkena penyakit Graves. Saya disuruh minum obat lama, katanya paling tidak satu tahun kemudian diperiksa lagi. Apakah ada cara cepat untuk penyembuhan penyakit saya ini, dok? Terima kasih."
300,"Sore, dokter. Saya mau bertanya leher sebelah kiri saya terasa lebih bengkak dan hangat, diraba kyknya sedikit agak keras. Kira-kira kenapa ya, dok? Terima kasih."
600,"Hallo, dokter. Saya Khansa, disini saya penderita penyakit Graves. Izin bertanya, dok. Saya sekarang merasa mata saya lebih menonjol, padahal saya sudah minum obat rutin. Kira-kira apakah ada jalan lain untuk pengobatan keluhan saya itu, dok? Terima kasih."
500,"Pagi dokter saya sekarang menderita penyakit Graves dan leher terasa bengkak dan tidak nyaman. Apakah ada saran agar leher saya tidak bengkak lagi, dok? Terima kasih."
500,"Dokter, saya seorang ibu berusia 34 tahun. Saat ini saya merasakan perbedaan mata kanan dan kiri saya. Mata kiri saya tampaknya lebih menonjol. Saya penderita hipertiroid sudah sejak 6 bulan yang lalu. Kalau seperti ini penanganannya seperti apa ya, dok? Terima kasih."
400,"Assalamualaikum, dokter. Saya disini seorang wanita usia 20 tahun. Saya resah dengan pembengkakan yang ada di leher kanan saya. Saya cari-cari di Internet katanya itu tanda penyakit Graves. Pemeriksaan apa yang harus saya jalani ya, dok? Terima kasih. Wassalmualaikum wr. wb."
600,"Dokter, saya baru kena penyakit Graves beberapa waktu ini. Saya seorang vokalis di salah satu band. Setelah saya didiagnosis penyakit Tiroid, saya merasa suara saya lebih serak. Apakah ini karena penyakit Graves saya ya, dok?"
500,"Siang dok... Saya izin bertanya, tahun 2017 lalu saya sudah melakukan operasi tiroid karena masalah penyakit hipertiroid saya (penyakit Graves). Setelah operasi saya mendapatkan obat eutyrox agar mata saya tidak menonjol kembali. Apakah ini efektif, dok? Terima kasih."
200,"Selamat pagi, dokter. Saya baca di Internet kalau masalah hipertiroid, salah satunya penyakit Graves, sering ditemukan pada wanita muda, umumnya usia 20-40 tahun. Kira-kira itu kenapa ya, dok? Makasih."
200,"Pagi, dokter. Saya Murti, 24 tahun. Waktu tahun 2018 lalu ibu saya didiagnosis dokter penyakit Graves. Waktu itu gejalanya gemeteran dan suka keluar keringat. Nah, sekarang saya ada keluhan yang sama seperti ibu, ditambah berat badan yang turun drastis dan gelisah. Kira-kira apakah keluhan saya sekrang mirip dengan penyakit ibu yang waktu lalu itu?"
300,"Met pagi, dok. Saya mau bertanya. Kata orang-orang dekat saya katanya mata kanan saya keliatan lebih menonjol. Padahal saya tidak ada keluhan apa-apa. Itu kira-kira kenapa ya, dok?"
300,"Hallo, dokter. Saya mau menanyakan keluhan yang dialami oleh adik saya. Adik saya seorang pecandu game. Setiap hari, setiap selesai sekolah, kerjannya main game. Jadi ya udah biasa tuh ngeliatin layar berjam-jam. Tapi katanya akhir-akhir ini adik saya mengeluhkan matanya lebih menonjol dan mengganjal. Tidak sakit, tapi mengganggu. Terus juga, kyknya sekarang adik saya lebih kurusan, padahal dia makan kyknya normal-normal aja. Itu kenapa ya, dok? Terima kasih."
300,"Dokter, saya ngaca bola mata kanan saya keliatannya lebih menonjol. Rasanya mengganggu, tapi kalau dipencet juga rasanya sakit. Itu kira-kira kenapa ya, dok? Makasih."
100,"Dok, tanya dong. Penyakit Graves itu apa ya? Makasih"
400,"Met siang, dok. Saya ada keluhan gelisah terus sering berdebar. Kata saudara, katanya hati-hati penyakit Graves. Saya jadi takut, dok. Harus periksa apa buat penyakit ini ya?"
600,"Dokter mau tanya, dong. Baca di Internet katanya penyakit Graves bisa ngaruhin jantung. Kira-kira bisa bikin serangan jantung ngga ya? Makasih."
200,"Faktor risiko penyakit Graves ini apa saja selain faktor genetik keluarga ya, dok?"
500,"Selamat pagi, dokter. Mohon maaf, saya izin konsultasi, dok. Saudara saya sudah 3 tahun mengalami penyakit Graves. Katanya dia selalu rutin minum obat, tapi rasanya ya tidak nyaman. Dia nanya, kira-kira penyakit Graves bisa sembuh tanpa obat tidak ya, dok? Misalnya operasi gitu, dok? Terima kasih."
500,Apakah PTU merupakan obat untuk penyakit Graves?
500,Apakah methimazole merupakan obat untuk penyakit Graves?
500,Apakah obat-obatan penyakit Graves aman dikonsumsi untuk ibu-ibu hamil?
300,Apakah benjolan di leher selalu dikaitkan dengan penyakit Graves?
300,Apakah penyakit Graves menyebabkan gangguan dalam konsentrasi?
500,Kapan kita memerlukan operasi untuk penanganan penyakit Graves?
200,"Dokter, apakah penyakit Graves bisa menular, dok? Terima kasih."
500,"Selamat siang, dokter. Saya izin bertanya, dok. Kalau prinsip pengobatan pada penyakit Graves itu seperti apa ya, dok? Terima kasih."
500,"Assalamualaikum, dok. Saya Tiara, mau nanya, dok. Saya punya saudara yang sekarang sakit Graves. Didiagnosis baru 3 bulan lalu. Mau nanya, kalau pengobatannya hanya bisa dengan obat minum saja atau ada pilihan lainnya kah, dok? Terima kasih."
500,"Dokter, apakah semua penyakit Graves perlu dilakukan operasi, dok?"
500,"Apakah obat-obatan penyakit Graves dapat menyebabkan efek samping bagi tubuh, dok?"
500,"Selamat malam, dokter. Saya mendengar kalau obat buat penyakit Graves itu ada dua ya, dok. Namanya PTU dan Methimazole. Apakah kedua obat itu sama saja atau bagaimana ya, dok? Terima kasih."
100,Apakah penyakit Graves sama dengan Graves disease?
100,Apakah diagnosis banding dari penyakit Graves?
600,Kenapa mata menonjol dapat terjadi pada penyakit Graves?
200,"Selain autoimun, faktor risiko apa lagi yang dapat menyebabkan penyakit Graves?"
400,Pemeriksaan darah pada diagnosis penyakit Graves untuk apa?
100,Penyakit gangguan hormon tiroid akibat autoimun
100,Penyakit kelebihan hormon tiroid akibat autoimun
100,Hipertiroidisme akibat autoimum apakah selalu berarti penyakit Graves?
200,"Penyakit Graves lebih mungkin menyerang perempuan daripada laki-laki, apakah benar?"
200,"Penyakit Graves lebih mungkin mengenai wanita daripada pria, apakah benar?"
600,Apakah penyakit Graves dapat menyebabkan kerusakan pada tulang dan osteoporosis?
700,Apakah yang dimaksud dengan remisi penyakit Graves?
700,Apakah mungkin penyakit Graves hilang selamanya dari tubuh?
200,Apakah usia dan jenis kelamin berhubungan dengan kejadian penyakit Graves?
200,Apakah penyakit autoimun lain berhubungan dengan penyakit Graves?
100,Graves disease adalah penyakit apa?
100,Apakah penyebab penyakit Graves ini adalah virus?
100,Apakah penyebab penyakit Graves ini adalah bakteri?
200,Apakah kebiasaan merokok dapat menyebabkan penyakit Graves?
200,Apakah stres dapat menyebabkan penyakit Graves?
300,Apakah tidak bisa ereksi saat berhubungan seksual merupakan salah satu gejala dari penyakit Graves?
300,Apakah sulit tidur dan rasa gelisah merupakan salah satu gejala dari penyakit Graves?
500,Apakah obat methimazole itu?
500,Apakah obat propilthiouracil (PTU) itu?
300,"Selamat siang, dokter. Anak saya yang berusia 6 tahun memilih keluhan mata yang menonjol disertai dengan keluhan kelopak warna yang berwarna kebiruan. Apakah itu merupakan hal yang wajar, dok?"
300,"Siang, dokter. Saya mau bertanya, suami saya akhir-akhir ini mengalami keluhan mata kirinya seperti agak menonjol dan terasa tidak nyaman. Selain itu, matanya juga seperti keliatan kemerahan, berair, dan gatal. Sudah berobat ke dokter umum, tapi sepertinya belum membaik, dok. Mohon informasi sebaiknya apa yang harus saya lakukan, dokter? Terima kasih."
500,"Halo, dokter. Saya Yulia, 29 tahun. Saya sudah menderita penyakit Graves 6 tahun lamanya. Akan tetapi, baru kali ini saya merasakan sakit pada leher saya dan kini benjolan di leher saya berukuran seperti telur puyuh. Saya sempat rutin meminum obat yang diberikan, tetapi saat ini sedang tidak. Apakah ada solusi untuk saya, dokter? Terima kasih."
300,"Met, dokter. Suami saya belakangan ini matanya semakin menonjol dan tampak juling. Suami saya penderita Graves, tetapi selalu obat rutin. Apakah yang harus saya lakukan ya, dok? Terima kasih."
100,"Halo dok... Saya seorang wanita berusia 34 tahun. Akhir-akhir ini saya mengeluhkan badan lemas, mudah gemetar, dan penglihatan sedikit terganggu. Saya berkaca di depan cermin, tampaknya mata kiri saya terlihat lebih menonjol. Saya sudah datang ke dokter dan diperiksakan kadar TSH. Hasilnya tinggi dan saya dicurigai penyakit Graves. Saya takut dengan penyakit ini, apakah bisa sembuh, dok? Terima kasih."
600,"Hallo, dok. Disini saya seorang penderita penyakit Graves yang matanya menonjol. Mau tanya, dok.. Apakah ada jalan untuk pengobatan mata menonjol saya dengan semacam obat tetes? Supaya tidak merepotkan. Terima kasih."
500,"Pagi dokter... Saya penderita kelenjar tiroid yang terletak di depan leher saya. Keluhan benjolan di leher ini membuat saya tidak nyaman. Karena itu saya juga stress dan sakit kepala luar biasa. Apakah ada solusi untuk itu, dok? Makasih."
400,"Hallo, dok... Saya seorang remaja usia 18 tahun. Saya ada keluhan mata saya di kaca ko keliatan agak sedikit juling ya, dok. Saya sempet cerita ke ibu saya. Kata ibu saya, dulu pernah seperti itu juga dan masalahnya ada di kelenjar gondok. Katanya nama penyakitnya Graves disease. Saya diminta untuk periksa ke dokter. Apakah benar saya juga mengalami penyakit Graves? Terima kasih."
300,Apakah mata juling selalu berarti penyakit Graves?
100,Apakah penyakit Graves disebabkan oleh kelenjar gondok?
200,Apakah penyakit Graves lebih banyak terjadi pada perempuan?
300,"Mata tampak menonjol tanpa disadari, apakah itu salah satu tanda dan gejala penyakit Graves?"
300,Apakah penurunan berat badan drastis dan mata menonjol selalu berarti Graves disease?
300,"Apakah gejala mata membengkak, terasa berair, dan nyeri sudah beberapa bulan curiga penyakit Graves?"
300,Apakah mata menonjol keluar dan kelopak mata yang sulit menutup artinya ada masalah dengan kelenjar gondok saya?
100,Apakah nama lain dari penyakit Graves adalah hipertiroidisme Graves?
100,Apakah nama lain dari penyakit Graves adalah toxic diffuse goiter?
300,"Apakan badan mudah merasa lelah, berat badan turun drastis, dan tidak kuat dengan panas adalah tanda dan gejala penyakit Graves?"
200,"Jika seorang ibu yang menderita penyakit Graves memiliki seorang anak perempuan, apakah mungkin anak perempuannya juga mengalami penyakit Graves?"
500,Bolehkah penyakit Graves langsung dioperasi saja?
600,Apakah risiko kesehatan jika penyakit Graves tidak diberikan pengobatan dengan tepat?
300,Apakah salah satu gejala penyakit Graves pada perempuan adalah perubahan siklus haid?
500,Terapi radioaktif iodin pada penyakit Graves?
500,Obat betablocker pada penyakit Graves untuk apa?
500,Apa saja indikasi pemberikan obat-obat untuk pasien dengan penyakit Graves?
500,Apakah obat-obatan untuk penyakit Graves memiliki efek samping?
500,Apakah kontraindikasi pemberian obat-obatan untuk penyakit Graves?
300,Apakah salah tanda dan gejala dari penyakit Graves adalah otot-otot yang terasa lemas?
300,Apakah periode menstruasi yang tidak teratur adalah salah satu dari tanda dan gejala penyakit Graves?
600,Apakah eksoftalmus pada mata itu?
400,Apakah tes fungsi tiroid pada pasien dengan kecurigaan penyakit Graves diperlukan?
400,Apakah tes serapan yodium radioaktif pada pasien dengan kecurigaan penyakit Graves diperlukan?
400,Apakah tes antibodi pada pasien dengan kecurigaan penyakit Graves diperlukan?
600,Apakah oftalmopati Graves itu?
600,Apakah penyakit Graves dapat mengakibatkan gangguan kehamilan?
600,Apakah penyakit Graves dapat mengakibatkan gangguan pada jantung?
600,Apakah penyakit Graves dapat mengakibatkan keadaan krisis tirotoksik?
600,Apakah penyakit Graves dapat mengakibatkan kerapuhan pada tulang?
600,Apakah penyakit Graves dapat mengakibatkan osteoporosis?
600,Apakah penyakit Graves dapat mengakibatkan preeklamsia pada ibu-ibu hamil?
600,Apakah penyakit Graves dapat mengakibatkan gangguan janin pada ibu-ibu yang sedang hamil?
300,"Apakah kondisi peningkatan fungsi tubuh seperti jantung berdebar-debar, keringat berlebih, berat badan turun tanpa pola merupakan gejala dari penyakit Graves?"
400,Apakah temuan laboratorium seperti peningkatan kadar hormon perangsung tiroid (TSH) merupakan gejala dari penyakit Graves?
200,Mengapa wanita berusia 40 tahun berisiko mengalami penyakit Graves?
400,Apakah pemeriksaan radioactive iodine uptake scan perlu dilakukan untuk menegakan diagnosis penyakit Graves?
300,Apakah sensitif terhadap suhu panas dan sering berkeringat merupakan salah satu tanda dan gejala dari penyakit Graves?
300,Apakah detak jantung yang cepat atau tidak teratur merupakan salah satu tanda dan gejala dari penyakit Graves?
300,Apakah keluhan sensitif terhadap cahaya yang disertai dengan mata menonjol merupakan salah satu gejala dari penyakit Graves?
400,Tes darah seperti apa yang diperlukan untuk memastikan diagnosis penyakit Graves?
400,Pemeriksaan fisik seperti apa yang diperlukan untuk memastikan kecurigaan penyakit Graves?
400,Apakah pemeriksaan USG bermanfaat untuk mendiagnosis penyakit Graves?
400,Apakah pemeriksaan radiologi seperti CT-Scan dan MRI bermanfaat untuk mendiagnosis penyakit Graves?
500,Aapakah obat tiroid PTU memiliki efek samping untuk ibu-ibu hamil?
500,Apakah obat tiroid Methimazole memiliki efek samping untuk ibu-ibu hamil?
500,Kapan bisa dilakukan pembedahan untuk mengatasi Graves disease?
600,Apakah penyakit Graves dapat mengakibatkan risiko keguguran pada ibu-ibu hamil?
600,Apakah penyakit Graves yang tidak ditangani dengan baik dapat mengakibatkan kejang-kejang?
600,Apakah penyakit Graves yang tidak ditangani dengan baik dapat mengakibatkan koma atau tidak sadarkan diri?
600,Apakah penyakit Graves yang tidak ditangani dengan baik dapat mengakibatkan mengigau (delirium)?
600,"Jika pada laki-laki, apakah sangat mungkin penyakit Graves mengakibatkan gangguan fungsi seksual?"
600,Apakah penyakit Graves mungkin menyebabkan kematian pada penderitanya?
100,Apakah penyakit Graves jika mendapatkan pengobatan yang tepat dapat menghilang sepenuhnya?
300,Apakah penurunan libido merupakan salah satu dari gejala Graves disease?
300,Apakah buang air besar yang lebih sering merupakan salah satu dari gejala Graves disease?
300,Apakah gangguan tidur merupakan salah satu dari gejala Graves disease?
600,Apakah komplikasi penyakit Graves disease pada ibu-ibu hamil dapat mengakibatkan bayi lahir prematur?
500,Apakah steroid dapat digunakan untuk mengobati penyakit Graves?
300,Apa saja yang termasuk gejala klasik Graves disease?
400,Dari mana memulai pemeriksaan untuk penyakit Graves?
500,Apakah tiroidektomi dapat digunakan untuk mengatasi penyakit Graves disease?
500,Apakah penggunaan propanolol dapat membantu mengatasi keluhan jantung berdebar pada penyakit Graves?
300,"Saya sering merasa kegerahan di suhu udara yang biasa saja, kira-kira kenapa ya, dok?"
300,"Saya mengalami benjolan di leher, apakah itu salah satu tanda gangguan kelenjar gondok?"
600,Apakah penyakit Graves menyebabkan siklus menstruasi tidak teratur?
600,Apakah penyakit Graves menyebabkan siklus haid tidak teratur?
500,Bagaimana cara mengobati penyakit Graves?
500,Apakah pengangkatan kelenjar tiroid merupakan solusi dari penyakit Graves?
100,Apakah penyakit Graves bisa disembuuhkan?
400,Bagaimana cara dokter mendiagnosis Graves disease?
300,Bagaimana kita mengenali tanda dan gejala dari penyakit Graves?
300,"Merasa mudah lelah padahal tidak melakukan apapun, apakah mungkin gejala dari ganggungan kelenjar tiroid?"
300,Apakah ada cara mudah mengetahui tanda dan gejala penyakit Graves?
300,Mata sulit dipejamkan dan kering tanda penyakit Graves?
100,Apakah penyebab utama dari penyakit Graves?
200,Apa saja faktor-faktor yang meningkatkan risiko seseorang mengalami penyakit Graves?
100,Apakah penyakit Graves menular ke orang lain?
100,Apa yang dimaksud dengan penyakit Graves?
400,Apa saja pengobatan yang dapat diberikan untuk mengatasi penyakit Graves?
300,Apakah gugup dan mudah tersinggung merupakan gejala dari penyakit Graves?
300,Berat badan turun drastis tanpa diet merupakan tanda penyakit Graves?
200,Apakah faktor keturunan berperan dalam risiko penyakit Graves?
200,Apakah riwayat operasi pada kelenjar tiroid salah satu faktor risiko penyakit Graves?
200,Apakah riwayat penyakit tiroid pada keluarga merupakan salah satu faktor risiko penyakit Graves?
300,Apakah kelemahan otot merupakan salah satu gejala dari penyakit Graves?
300,Apakah intoleran terhadap suhu panas merupakan salah satu gejala dari penyakit Graves?
300,Apakah diare merupakan salah satu gejala dari penyakit Graves?
300,Apakah mood swing merupakan salah satu gejala dari penyakit Graves?
600,Apakah penyakit Graves dapat mengakibatkan serangan jantung?
600,Apakah penyakit Graves pada ibu-ibu hamil dapat mengakibatkan hipertensi dalam kehamilan?
400,Apa saja tes tiroid yang diperlukan untuk memastikan diagnosis penyakit Graves?
300,"Mata terus melotot, waspadai penyakit Graves?"
500,"Terapi radioiodine untuk penyakit Graves, bisa kah dilakukan?"
500,Apakah terapi lini pertama untuk penyakit Graves?
600,Apakah penyakit Graves dapat mengakibatkan gagal jantung?
300,Apakah sering buang air kecil merupakan gejala dari penyakit Graves?
200,Apakah orang yang memiliki gangguan sistem kekebalan tubuh berisiko mengalami penyakit Graves?
200,"Merokok menyebabkan penyakit Graves, benarkah?"
300,"Apakah keluhan mata seperti rasa mengganjal, kesulitan menggerakkan mata, dan mata tampak menonjol merupakan tanda dan gejala dari penyakit Graves?"
100,Apakah penyakit Graves disebabkan oleh sistem kekebalan tubuh yang menyerang dirinya sendiri?
100,Apakah penyakit Graves disebabkan oleh produksi hormon tiroid yang berlebihan?
700,Apakah penyakit Graves bisa sembuh total?
300,Apakah kelenjar gondok pada penyakit Graves selalu membesar?
600,Apakah penyakit Graves dapat mengakibatkan infertilitas pada pasangan?
100,Apakah ada cara untuk mencegah penyakit Graves?
100,Apakah penyakit Graves termasuk ke dalam penyakit autoimun?
600,Apakah dampak penyakit Grave terhadap kesehatan tulang?
400,Bagaimana cara mengetahui penyakit Graves?
400,Bagaimana saya tau Graves disease?
700,Apakah penyakit Graves saya bisa sembuh?
700,Apakah Graves disease bisa sembuh total?
700,Apakah gejala penyakit Graves saya bisa membaik?
700,Apakah gejala penyakit Graves sangat berat?
800,Apakah dengan meminum herbal kita bisa sembuh dari penyakit Graves?
600,Apakah Graves pada perempuan hamil bisa membuat keguguran?
600,Apakah penyakit Graves pada ibu-ibu hamil bisa bikin darah tinggi?
600,Benarkah Graves disease bikin tulang keropos?
600,Bagaimana penyakit Graves bikin tulang keropos?
600,Benarkah Graves bikin gangguan perkembangan janin?
600,Benarkah Graves bikin gangguan pertumbuhan janin?
600,Benarkah penyakit Graves membuat gangguan pertumbuhan dan perkembangan janin?
600,Darah tinggi di ibu-ibu hamil karena penyakit Graves apakah benar?
600,"Sakit Graves bikin nyeri tulang dan gampang patah, benarkah?"
600,Apakah penyakit Graves bikin sakit jantung bengkak?
600,Apakah penyakit Graves bikin risiko gagal jantung?
600,Penyakit gagal jantung bisa disebabkan oleh penyakit Graves?
600,Apakah penyakit Graves bikin janin terancam?
600,Apakah penyakit Graves bisa bikin darah tinggi?
800,Bagaimana mencegah penyakit Graves?
800,Bagaimana mencegah Graves disease?
800,Apakah ada cara untuk mencegah penyakit Graves?
800,Cara mencegah penyakit Graves?
600,Apakah siklus menstruasi bisa terganggu karena penyakit Graves?
600,Apakah kesuburan wanita bisa terganggu karena penyakit Graves?
600,Apakah nyeri tulang tanda komplikasi penyakit Graves?
800,Apakah ada makanan untuk mencegah penyakit Graves?
800,Apakah ada obat herbal untuk mencegah Graves disease?
700,Apakah gejala penyakit Graves bisa mendingan?
600,Apakah mata bengkak salah satu tanda dari komplikasi penyakit Graves?
600,Apakah penyakit Graves bikin kehilangan gairah seksual pada pria dewasa?
600,Apakah masalah ereksi bisa disebabkan karena penyakit Graves?
600,Apakah penyakit Graves bisa menyebabkan masalah pada penis?
600,Apakah komplikasi penyakit Graves dapat mengakibatkan penurunan gairah seksual?
600,Apakah Graves disease dapat mengakibatkan kematian pada seseorang?
600,Apakah penyakit Graves yang parah banget bisa bikin koma dan kejang-kejang?
600,Apa saja macam-macam komplikasi dari Graves disease?
600,Bagaimana penyakit Graves bisa bikin gangguan pada mata?
600,Apakah gangguan ereksi pada penis pria berhubungan dengan penyakit Graves?
800,Apakah obat herbal bisa membantu mencegah penyakit Graves?
200,Bagaimana mengetahui faktor risiko penyakit Graves?
300,Bagaimana mengenali ciri-ciri penyakit Graves dengan mudah?
300,Apakah ciri-ciri penyakit Graves bisa dilihat dari lehernya?
400,Apakah penyakit Graves perlu periksa darah?
400,Apakah penyakit Graves perlu periksa radiologi?
200,Siapa saja yang berisiko terkena penyakit Graves?
200,Apakah anak kecil mungkin terkena penyakit Graves?
400,Mengapa kita perlu perika fungsi tiroid untuk penyakit Graves?
100,Apakah penyakit Graves disebabkan karena kadar hormon tiroid yang tinggi?
100,Apa nama penyakit yang ditemukan oleh Robert Graves?
100,Robert Graves menemukan peyakit apa?
700,Apakah penyakit Graves bisa sembuh sendiri?
300,Kapan sebaiknya kita periksa ke dokter untuk memastikan penyakit Graves?
100,Apakah nama lain dari penyakit Graves?
300,Benarkah degdegan salah satu gejala dari Graves disease?
300,Benarkan gelisah saat tidur merupakan gejala dari penyakit Graves?
300,Benarkah mata melotot dan sulit dipejamkan merupakan salah satu tanda dan gejala Graves disease?
200,Wanita muda lebih berisiko mengalami penyakit Graves itu benar tidak?
500,Obat PTU itu untuk penyakit apa?
500,Obat methimazole itu untuk penyakit apa?
400,Pemeriksaan kadar TSH itu untuk apa?
500,Kapan pengangkatan kelenjar tiroid pada kasus Graves disease diperlukan?
500,Apakah pengangkatan kelenjar tiroid selalu diperlukan?
600,Apakah penyakit Graves menyebabkan pria tidak perkasa?
800,Apakah ada buah-buahan dan sayur-sayuran untuk mencegah penyakit Graves?
500,Apakah ada pengobatan alternatif untuk mengatasi penyakit Graves?
500,Apakah pergi ke dukun bisa membantu menyembuhkan penyakit Graves saya?
700,Apakah saya akan menderita penyakit Graves selamanya?
700,Apakah itu artinya saya tidak akan pernah bisa sembuh dari penyakit Graves?
700,Apakah gejala penyakit Graves saya bisa hilang?
500,Apakah saya bisa pakai kemoterapi untuk mengobati penyakit Graves saya?
800,Apakah minum kopi bisa mencegah saya dari penyakit Graves?)
800,Apakah jinten hitam bisa membuat saya terhindar dari penyakit Graves?
800,Apakah minum jus jambu biji bisa menjadi solusi saya terhindar dari penyakit Graves?
700,Apakah Graves disease sebegitu bahayanya?
700,Apakah penyakit Graves termasuk penyakit yang mematikan?
600,Mungkinkah penyakit Graves menyerang ginjal saya?
100,Apakah penyakit Graves itu kanker?
100,Benarkah penyakit Graves itu merupakan salah satu bagian dari kanker?
200,Benarkah penyakit Graves bisa menular melalui hubungan seksual?
500,Apakah terapi sinar bisa menyembuhkan penyakit Graves saya?
700,Apakah dengan penyakit Graves saya masih mungkin sehat kembali?
700,Benarkah Graves disease menyebabkan mati cepat?
300,Benarkah lemas terus sepanjang hari adalah salah satu gejala penyakit Graves?
500,Benarkah pengangkatan kelenjar tiroid salah satu pilihan terapi penyakit Graves?
700,Apakah benar Graves menyebabkan kecacatan seumur hidup?
700,Apakah benar Graves disease ngga bisa sembuh selama-lamanya?
700,Apakah saya perlu pasrah karena penyakit Graves saya ini?
800,Apakah ada hal yang perlu saya lakukan supaya terhindar dari penyakit Graves?
800,Apakah ada obat herbal untuk membantu saya terhindar dari penyakit Graves?
800,Benarkah air rebusan jeruk nipis bisa membuat saya lebih sehat dan terhindar dari penyakit Graves?
300,Apakah tanda-tandanya penyakit Graves itu sesak napas?
600,Apakah penyakit Graves bisa menyebabkan masalah di paru-paru saya?
300,Benarkah penampilan kurus kering salah satu tanda dan gejala penyakit Graves?
200,Apakah bayi mungkin terkena penyakit Graves?
800,Benarkah mandi uap belerang bisa membantu badan saya lebih sehat dan mencegah penyakit Graves?
700,Apakah penyakit Graves membuat kekhawatiran yang luar biasa?
400,Saya harus periksa apa untuk memastikan penyakit Graves?
100,Graves disease apakah adalah salah satu dari penyakit autoimun?
500,Apakah operasi tiroidektomi direkomendasikan sebagai pilihan utama?
600,Apakah penyakit Graves lama kelamaan bisa bikin penyakit gagal jantung kongestif?
600,"Apakah sesak napas, kaki bengkak, dan susah tidur dengan satu bantal salah satu gejala gagal jantung karena penyakit Graves?"
300,Benarkah ngga kuat suhu panas salah satu tanda Graves disease?
300,Benarkah tangan dan kaki yang gemetaran salah satu gejala Graves disease?
300,"Benarkah berat badan turun drastis, kurus ceking salah satu tandanya penyakit Graves dalam tubuh?"
100,"Kata dokter saya itu kena penyakit yang namanya Graves disease, tapi itu jenis penyakit apa ya?"
600,Apakah keropos tulang bisa lebih cepet terjadi di penderita penyakit Graves?
600,Apakah siklus menstruasi saya bisa kembali normal kalau saya minum obat-obat untuk penyakit Graves saya?
300,Apakah benar tangan dan kaki kaku seperti robot itu salah satu cirinya penyakit Graves?
600,Apakah krisis tiroid merupakan bentuk komplikasi paling parah dari penyakit Graves?
700,Apakah Graves disease membuat saya lebih cepat meninggalkan dunia ini?
200,"Ibu saya seorang penderita Graves, apakah saya sangat berisiko mengalami hal yang serupa?"
700,Jika seseorang mengalami penyakit Graves apakah mungkin bisa sehat kembali seperti orang normal?
500,Apa nama operasi yang bisa dilakukan untuk penyandang Graves disease?